Tissue,Expt,Treatment,Sample ID,rpl18 Cq,hsp70 Cq,DeltaCq,meanCtrlDeltaCq,DeltaDeltaCq,FoldChange
MT,Acclimation,WK0,WK0-MT3,27.6,29.94,2.34,1.121666667,1.218333333,0.429778932
MT,Acclimation,WK0,WK0-MT4,26.15,27.09,0.94,1.121666667,-0.181666667,1.1341934
MT,Acclimation,WK0,WK0-MT5,29.15333333,30.12,0.966666667,1.121666667,-0.155,1.113421618
MT,Acclimation,WK0,WK0-MT7,20.41666667,20.975,0.558333333,1.121666667,-0.563333333,1.477679441
MT,Acclimation,WK0,WK0-MT9,22.15,22.95333333,0.803333333,1.121666667,-0.318333333,1.246889254
MT,Acclimation,WK3,WK3-MT1,26.595,29.15333333,2.558333333,1.121666667,1.436666667,0.36941986
MT,Acclimation,WK3,WK3-MT2,23.57666667,25.29666667,1.72,1.121666667,0.598333333,0.660516573
MT,Acclimation,WK3,WK3-MT3,24.11666667,26.36,2.243333333,1.121666667,1.121666667,0.459562611
MT,Acclimation,WK3,WK3-MT4,31.07,30.045,-1.025,1.121666667,-2.146666667,4.428035126
MT,Acclimation,WK3,WK3-MT5,31.495,30.20333333,-1.291666667,1.121666667,-2.413333333,5.327037118
MT,Acclimation,WK3,WK3-MT6,23.33,24.175,0.845,1.121666667,-0.276666667,1.211392737
MT,Acclimation,WK3,WK3-MT7,23.74,24.19,0.45,1.121666667,-0.671666667,1.592912109
MT,Acclimation,WK3,WK3-MT8,22.69,23.87,1.18,1.121666667,0.058333333,0.960372945
MT,Acclimation,WK3,WK3-MT9,20.205,21.71333333,1.508333333,1.121666667,0.386666667,0.764894847
MT,Acclimation,WK6,WK6-MT1,24.04666667,26.66666667,2.62,1.121666667,1.498333333,0.353962068
MT,Acclimation,WK6,WK6-MT2,21.52333333,24.58,3.056666667,1.121666667,1.935,0.261521235
MT,Acclimation,WK6,WK6-MT3,22.24,26.2,3.96,1.121666667,2.838333333,0.139822328
MT,Acclimation,WK6,WK6-MT4,23.415,23.21,-0.205,1.121666667,-1.326666667,2.508224819
MT,Acclimation,WK6,WK6-MT5,25.61,25.54666667,-0.063333333,1.121666667,-1.185,2.273633946
MT,Acclimation,WK6,WK6-MT7,24.04,24.27,0.23,1.121666667,-0.891666667,1.855318234
MT,Acclimation,WK6,WK6-MT8,20.65,21.61,0.96,1.121666667,-0.161666667,1.118578625
MT,Acclimation,WK6,WK6-MT9,21.11333333,22.37666667,1.263333333,1.121666667,0.141666667,0.906471353
MG,Acclimation,WK0,WK0-MG2,22.59872087,23.17019833,0.571477455,0.597196602,-0.025719147,1.017987007
MG,Acclimation,WK0,WK0-MG3,24.61480266,25.18407622,0.569273558,0.597196602,-0.027923045,1.019543298
MG,Acclimation,WK0,WK0-MG4,24.83845076,25.40458461,0.566133846,0.597196602,-0.031062756,1.021764528
MG,Acclimation,WK0,WK0-MG5,25.27233549,25.87415544,0.601819949,0.597196602,0.004623346,0.99680047
MG,Acclimation,WK0,WK0-MG6,26.86261223,27.5294489,0.66683667,0.597196602,0.069640067,0.952875698
MG,Acclimation,WK0,WK0-MG8,20.55336257,21.16100071,0.607638137,0.597196602,0.010441534,0.992788608
MG,Acclimation,WK3,WK3-MG1,24.44364955,24.87153894,0.42788939,0.597196602,-0.169307212,1.124518357
MG,Acclimation,WK3,WK3-MG2,22.23484713,22.72303796,0.488190832,0.597196602,-0.109005771,1.078484746
MG,Acclimation,WK3,WK3-MG3,23.08298807,23.40394203,0.320953953,0.597196602,-0.276242649,1.211036753
MG,Acclimation,WK3,WK3-MG4,26.22933696,26.69096854,0.46163158,0.597196602,-0.135565023,1.098522959
MG,Acclimation,WK3,WK3-MG5,23.72330758,24.51163891,0.78833133,0.597196602,0.191134728,0.875916513
MG,Acclimation,WK3,WK3-MG7,20.76666737,21.51061169,0.743944317,0.597196602,0.146747714,0.903284455
MG,Acclimation,WK3,WK3-MG9,19.30997261,19.78963231,0.479659704,0.597196602,-0.117536899,1.084881072
MG,Acclimation,WK6,WK6-MG1,23.26584294,23.57562982,0.30978688,0.597196602,-0.287409722,1.220447065
MG,Acclimation,WK6,WK6-MG2,24.91369701,25.51302667,0.599329668,0.597196602,0.002133066,0.998522564
MG,Acclimation,WK6,WK6-MG3,24.84058162,25.52357925,0.682997626,0.597196602,0.085801024,0.942261221
MG,Acclimation,WK6,WK6-MG4,23.50953199,24.21139159,0.701859602,0.597196602,0.104662999,0.930022162
MG,Acclimation,WK6,WK6-MG5,24.53297895,24.96186567,0.42888672,0.597196602,-0.168309882,1.12374125
MG,Acclimation,WK6,WK6-MG8,22.4600822,23.14999542,0.689913228,0.597196602,0.092716626,0.937755272
MG,Acclimation,WK6,WK6-MG9,19.08236705,19.45263503,0.370267982,0.597196602,-0.226928621,1.170340736
FB,Acclimation,WK0,WK0-FB1,25.92,30.02,4.1,2.913095238,1.186904762,0.439244229
FB,Acclimation,WK0,WK0-FB2,24.03333333,25.655,1.621666667,2.913095238,-1.291428571,2.447703096
FB,Acclimation,WK0,WK0-FB3,24.54333333,26.24,1.696666667,2.913095238,-1.216428571,2.323707649
FB,Acclimation,WK0,WK0-FB4,25.93333333,29.82,3.886666667,2.913095238,0.973571429,0.509243855
FB,Acclimation,WK0,WK0-FB5,25.52,29,3.48,2.913095238,0.566904762,0.675063555
FB,Acclimation,WK0,WK0-FB6,26.56666667,30.51,3.943333333,2.913095238,1.030238095,0.489629336
FB,Acclimation,WK0,WK0-FB7,22.52666667,24.19,1.663333333,2.913095238,-1.249761905,2.378021741
FB,Acclimation,WK3,WK3-FB1,22.37333333,24.85666667,2.483333333,2.913095238,-0.429761905,1.347011254
FB,Acclimation,WK3,WK3-FB2,24.49666667,25.77666667,1.28,2.913095238,-1.633095238,3.101777579
FB,Acclimation,WK3,WK3-FB3,24.70666667,26.64333333,1.936666667,2.913095238,-0.976428571,1.967588559
FB,Acclimation,WK3,WK3-FB4,27.19,29.69,2.5,2.913095238,-0.413095238,1.331539511
FB,Acclimation,WK3,WK3-FB5,26.33333333,29.67333333,3.34,2.913095238,0.426904762,0.743855985
FB,Acclimation,WK3,WK3-FB7,24.96666667,26.33,1.363333333,2.913095238,-1.549761905,2.927688181
FB,Acclimation,WK3,WK3-FB8,21.715,24.11,2.395,2.913095238,-0.518095238,1.432063274
FB,Acclimation,WK3,WK3-FB9,22.16,23.755,1.595,2.913095238,-1.318095238,2.49336698
FB,Acclimation,WK6,WK6-FB1,24.785,25.69333333,0.908333333,2.913095238,-2.004761905,4.013224617
FB,Acclimation,WK6,WK6-FB2,21.50333333,22.99,1.486666667,2.913095238,-1.426428571,2.687805181
FB,Acclimation,WK6,WK6-FB3,26.96666667,27.88333333,0.916666667,2.913095238,-1.996428571,3.990110144
FB,Acclimation,WK6,WK6-FB4,27.915,29.365,1.45,2.913095238,-1.463095238,2.7569923
FB,Acclimation,WK6,WK6-FB5,26.08,28.37666667,2.296666667,2.913095238,-0.616428571,1.533075313
FB,Acclimation,WK6,WK6-FB6,28,30.765,2.765,2.913095238,-0.148095238,1.108105496
FB,Acclimation,WK6,WK6-FB8,22.055,24.13,2.075,2.913095238,-0.838095238,1.787688333
FB,Acclimation,WK6,WK6-FB9,25.5,26.81,1.31,2.913095238,-1.603095238,3.03794392
M,Acclimation,WK0,WK0-M1,25.22125272,25.79154842,0.570295696,0.28115348,0.289142216,0.818388504
M,Acclimation,WK0,WK0-M2,25.85656838,26.1071851,0.250616712,0.28115348,-0.030536767,1.021392073
M,Acclimation,WK0,WK0-M3,23.36854212,23.28826824,-0.080273877,0.28115348,-0.361427357,1.284696307
M,Acclimation,WK0,WK0-M4,24.97622277,25.48530569,0.50908292,0.28115348,0.22792944,0.853859474
M,Acclimation,WK0,WK0-M5,25.61356479,25.95320302,0.339638229,0.28115348,0.058484749,0.960272156
M,Acclimation,WK0,WK0-M6,24.22357027,24.30683508,0.083264811,0.28115348,-0.197888668,1.147018506
M,Acclimation,WK0,WK0-M7,25.94922087,26.03370735,0.084486486,0.28115348,-0.196666994,1.146047622
M,Acclimation,WK0,WK0-M8,25.69157214,26.183689,0.492116861,0.28115348,0.210963381,0.863960117
M,Acclimation,WK3,WK3-M1,23.74430383,24.95398733,1.209683505,0.28115348,0.928530026,0.525393397
M,Acclimation,WK3,WK3-M2,23.12200277,23.1276975,0.00569473,0.28115348,-0.27545875,1.210378906
M,Acclimation,WK3,WK3-M3,26.83743919,27.6224213,0.784982109,0.28115348,0.50382863,0.705232746
M,Acclimation,WK3,WK3-M4,25.91962396,25.3700164,-0.549607552,0.28115348,-0.830761031,1.778623351
M,Acclimation,WK3,WK3-M5,22.59417585,22.98904243,0.394866583,0.28115348,0.113713104,0.924206343
M,Acclimation,WK3,WK3-M6,24.8341619,25.2054354,0.371273504,0.28115348,0.090120025,0.939444589
M,Acclimation,WK3,WK3-M8,22.9888365,23.43005206,0.441215563,0.28115348,0.160062083,0.894986556
M,Acclimation,WK3,WK3-M9,24.30103726,24.01689182,-0.284145442,0.28115348,-0.565298921,1.479694065
M,Acclimation,WK6,WK6-M1,22.78163226,23.23,0.448367744,0.28115348,0.167214265,0.890560627
M,Acclimation,WK6,WK6-M2,23.34707854,24.09666667,0.749588131,0.28115348,0.468434652,0.722748367
M,Acclimation,WK6,WK6-M3,24.70611036,25.25666667,0.550556303,0.28115348,0.269402824,0.829662898
M,Acclimation,WK6,WK6-M4,24.29538762,24.46333333,0.167945713,0.28115348,-0.113207767,1.081630521
M,Acclimation,WK6,WK6-M5,24.52045241,24.995,0.474547589,0.28115348,0.19339411,0.874545827
M,Acclimation,WK6,WK6-M6,24.23835702,24.67333333,0.434976313,0.28115348,0.153822833,0.898865503
M,Acclimation,WK6,WK6-M7,25.83167343,26.14,0.308326569,0.28115348,0.027173089,0.981341319
M,Acclimation,WK6,WK6-M8,24.20494305,24.44,0.235056955,0.28115348,-0.046096525,1.032467612
M,Acclimation,WK6,WK6-M9,24.42536572,25.23333333,0.807967616,0.28115348,0.526814136,0.694085773
NT,Acclimation,WK0,WK0-NT1,26.3139481,26.32514658,0.011198482,0.148624349,-0.137425867,1.099940791
NT,Acclimation,WK0,WK0-NT2,27.18534409,27.78846601,0.603121924,0.148624349,0.454497575,0.729764272
NT,Acclimation,WK0,WK0-NT3,28.01729848,27.90719004,-0.110108439,0.148624349,-0.258732788,1.196427344
NT,Acclimation,WK0,WK0-NT4,29.26370945,29.06378168,-0.19992777,0.148624349,-0.348552119,1.273282127
NT,Acclimation,WK0,WK0-NT5,25.32200623,25.60093844,0.278932213,0.148624349,0.130307864,0.913636464
NT,Acclimation,WK0,WK0-NT6,25.81670597,25.74984875,-0.066857218,0.148624349,-0.215481567,1.161091418
NT,Acclimation,WK0,WK0-NT7,25.09972351,25.64556975,0.545846236,0.148624349,0.397221887,0.759319052
NT,Acclimation,WK0,WK0-NT9,24.60577831,24.73256768,0.126789363,0.148624349,-0.021834986,1.015249971
NT,Acclimation,WK3,WK3-NT1,26.07125104,25.53854717,-0.53270387,0.148624349,-0.681328219,1.603615447
NT,Acclimation,WK3,WK3-NT2,25.04646474,25.04909652,0.002631777,0.148624349,-0.145992572,1.106491656
NT,Acclimation,WK3,WK3-NT3,25.91678054,26.01523427,0.098453739,0.148624349,-0.05017061,1.035387359
NT,Acclimation,WK3,WK3-NT4,26.76985193,26.1515878,-0.618264124,0.148624349,-0.766888473,1.701595913
NT,Acclimation,WK3,WK3-NT5,26.94134089,26.32918643,-0.612154459,0.148624349,-0.760778808,1.694405066
NT,Acclimation,WK3,WK3-NT6,29.12893712,27.655,-1.473937117,0.148624349,-1.622561466,3.07921257
NT,Acclimation,WK3,WK3-NT7,27.57787157,27.41333333,-0.164538238,0.148624349,-0.313162587,1.242428291
NT,Acclimation,WK3,WK3-NT8,25.9232436,26.02,0.096756398,0.148624349,-0.051867951,1.036606217
NT,Acclimation,WK3,WK3-NT9,24.13812299,23.93666667,-0.201456327,0.148624349,-0.350080676,1.274631904
NT,Acclimation,WK6,WK6-NT1,24.44332736,24.33333333,-0.109994023,0.148624349,-0.258618372,1.196332462
NT,Acclimation,WK6,WK6-NT2,25.11163897,24.75,-0.361638971,0.148624349,-0.51026332,1.424310137
NT,Acclimation,WK6,WK6-NT4,24.44906188,23.695,-0.75406188,0.148624349,-0.902686229,1.869543745
NT,Acclimation,WK6,WK6-NT5,24.80691077,24.34,-0.466910765,0.148624349,-0.615535114,1.532126177
NT,Acclimation,WK6,WK6-NT6,24.95124374,24.015,-0.936243739,0.148624349,-1.084868088,2.121181525
NT,Acclimation,WK6,WK6-NT7,24.3138619,22.95,-1.363861899,0.148624349,-1.512486248,2.853012857
NT,Acclimation,WK6,WK6-NT8,24.10778877,23.32666667,-0.781122106,0.148624349,-0.929746455,1.904941184
NT,Acclimation,WK6,WK6-NT9,24.36119143,23.49666667,-0.864524759,0.148624349,-1.013149108,2.018311857
FB,Freezing,FSCtrl,FSCtrl-FB1,26.47333333,28.235,1.761666667,0.662619048,1.099047619,0.466824564
FB,Freezing,FSCtrl,FSCtrl-FB3,28.28666667,28.60666667,0.32,0.662619048,-0.342619048,1.268056517
FB,Freezing,FSCtrl,FSCtrl-FB4,25.26333333,25.89,0.626666667,0.662619048,-0.035952381,1.025233397
FB,Freezing,FSCtrl,FSCtrl-FB5,25.42,25.65,0.23,0.662619048,-0.432619048,1.349681546
FB,Freezing,FSCtrl,FSCtrl-FB6,24.52333333,25.31666667,0.793333333,0.662619048,0.130714286,0.91337912
FB,Freezing,FSCtrl,FSCtrl-FB7,24.53666667,25.00333333,0.466666667,0.662619048,-0.195952381,1.145480088
FB,Freezing,FSCtrl,FSCtrl-FB8,23.96,24.4,0.44,0.662619048,-0.222619048,1.166849947
FB,Freezing,FSR2,FS2-FB1,28.29666667,28.56,0.263333333,0.662619048,-0.399285714,1.318854777
FB,Freezing,FSR2,FS2-FB2,26.87666667,27.055,0.178333333,0.662619048,-0.484285714,1.398893095
FB,Freezing,FSR2,FS2-FB3,28.31333333,28.8,0.486666667,0.662619048,-0.175952381,1.129709926
FB,Freezing,FSR2,FS2-FB6,23.38,23.65,0.27,0.662619048,-0.392619048,1.312774434
FB,Freezing,FSR2,FS2-FB7,24.64666667,24.78333333,0.136666667,0.662619048,-0.525952381,1.439883791
FB,Freezing,FSR2,FS2-FB8,22.31,22.57,0.26,0.662619048,-0.402619048,1.321905502
FB,Freezing,FSR2,FS2-FB9,26.04,26.52,0.48,0.662619048,-0.182619048,1.134942374
FB,Freezing,FSR24,FS24-FB1,25.59666667,27.4,1.803333333,0.662619048,1.140714286,0.453534975
FB,Freezing,FSR24,FS24-FB2,25.51,25.33333333,-0.176666667,0.662619048,-0.839285714,1.789164098
FB,Freezing,FSR24,FS24-FB3,25.60666667,26.64,1.033333333,0.662619048,0.370714286,0.773399488
FB,Freezing,FSR24,FS24-FB4,27.81666667,29.24333333,1.426666667,0.662619048,0.764047619,0.588841959
FB,Freezing,FSR24,FS24-FB5,32.39,32.52,0.13,0.662619048,-0.532619048,1.446552864
FB,Freezing,FSR24,FS24-FB6,22.075,22.56333333,0.488333333,0.662619048,-0.174285714,1.128405587
FB,Freezing,FSR24,FS24-FB7,24.53666667,25.7,1.163333333,0.662619048,0.500714286,0.706756776
FB,Freezing,FSR24,FS24-FB8,24.435,24.55666667,0.121666667,0.662619048,-0.540952381,1.45493266
FB,Freezing,FSR24,FS24-FB9,21.64666667,22.01333333,0.366666667,0.662619048,-0.295952381,1.227695161
MG,Freezing,FSCtrl,FSCtrl-MG1,24.06666667,25.325,1.258333333,0.409814815,0.848518519,0.555354729
MG,Freezing,FSCtrl,FSCtrl-MG2,25.78,26.78333333,1.003333333,0.409814815,0.593518519,0.662724648
MG,Freezing,FSCtrl,FSCtrl-MG3,25.06,25.325,0.265,0.409814815,-0.144814815,1.10558873
MG,Freezing,FSCtrl,FSCtrl-MG4,22.92,23.92,1,0.409814815,0.590185185,0.664257637
MG,Freezing,FSCtrl,FSCtrl-MG5,24.31333333,24.37666667,0.063333333,0.409814815,-0.346481481,1.271455951
MG,Freezing,FSCtrl,FSCtrl-MG6,22.8,22.97666667,0.176666667,0.409814815,-0.233148148,1.175397022
MG,Freezing,FSCtrl,FSCtrl-MG7,21.78333333,21.68666667,-0.096666667,0.409814815,-0.506481481,1.420581381
MG,Freezing,FSCtrl,FSCtrl-MG8,23.15666667,23.11,-0.046666667,0.409814815,-0.456481481,1.372191164
MG,Freezing,FSCtrl,FSCtrl-MG9,22.81,22.875,0.065,0.409814815,-0.344814815,1.269987956
MG,Freezing,FSR2,FS2-MG1,25.84,26.28333333,0.443333333,0.409814815,0.033518519,0.977034548
MG,Freezing,FSR2,FS2-MG3,24.34666667,24.38,0.033333333,0.409814815,-0.376481481,1.298171943
MG,Freezing,FSR2,FS2-MG5,22.84333333,23.39666667,0.553333333,0.409814815,0.143518519,0.905308548
MG,Freezing,FSR2,FS2-MG6,24.15333333,24.1,-0.053333333,0.409814815,-0.463148148,1.378546707
MG,Freezing,FSR2,FS2-MG7,22.22333333,22.57666667,0.353333333,0.409814815,-0.056481481,1.03992644
MG,Freezing,FSR2,FS2-MG8,21.67,21.88,0.21,0.409814815,-0.199814815,1.148550917
MG,Freezing,FSR2,FS2-MG9,24.46333333,24.75,0.286666667,0.409814815,-0.123148148,1.089108849
MG,Freezing,FSR24,FS24-MG1,24.785,25.38666667,0.601666667,0.409814815,0.191851852,0.875481227
MG,Freezing,FSR24,FS24-MG2,24.77,25.66,0.89,0.409814815,0.480185185,0.716885598
MG,Freezing,FSR24,FS24-MG3,24.83333333,25.06666667,0.233333333,0.409814815,-0.176481481,1.130124317
MG,Freezing,FSR24,FS24-MG4,24.13,24.49333333,0.363333333,0.409814815,-0.046481481,1.032743143
MG,Freezing,FSR24,FS24-MG5,25.43666667,25.33333333,-0.103333333,0.409814815,-0.513148148,1.427161051
MG,Freezing,FSR24,FS24-MG7,24.09333333,24.42333333,0.33,0.409814815,-0.079814815,1.05688237
MG,Freezing,FSR24,FS24-MG8,22.96,23.18666667,0.226666667,0.409814815,-0.183148148,1.135358684
MG,Freezing,FSR24,FS24-MG9,23.29333333,23.60333333,0.31,0.409814815,-0.099814815,1.071635898
MT,Freezing,FSCtrl,FSCtrl-MT1,24.68,24.4,-0.28,-0.592916667,0.312916667,0.805012636
MT,Freezing,FSCtrl,FSCtrl-MT2,26.25,25.17666667,-1.073333333,-0.592916667,-0.480416667,1.395146542
MT,Freezing,FSCtrl,FSCtrl-MT3,23.39666667,22.33666667,-1.06,-0.592916667,-0.467083333,1.38231205
MT,Freezing,FSCtrl,FSCtrl-MT5,25.38,25.13,-0.25,-0.592916667,0.342916667,0.788445715
MT,Freezing,FSCtrl,FSCtrl-MT6,23.86333333,23.49333333,-0.37,-0.592916667,0.222916667,0.856831446
MT,Freezing,FSCtrl,FSCtrl-MT7,23.29666667,23.09333333,-0.203333333,-0.592916667,0.389583333,0.763350037
MT,Freezing,FSCtrl,FSCtrl-MT8,24.10666667,23.25666667,-0.85,-0.592916667,-0.257083333,1.195060232
MT,Freezing,FSCtrl,FSCtrl-MT9,25.08,24.42333333,-0.656666667,-0.592916667,-0.06375,1.045178969
MT,Freezing,FSR2,FS2-MT,26.04666667,24.68,-1.366666667,-0.592916667,-0.77375,1.70970806
MT,Freezing,FSR2,FS2-MT2,24.475,23.51666667,-0.958333333,-0.592916667,-0.365416667,1.288253638
MT,Freezing,FSR2,FS2-MT3,24.44,23.1,-1.34,-0.592916667,-0.747083333,1.678396219
MT,Freezing,FSR2,FS2-MT4,23.89666667,22.39,-1.506666667,-0.592916667,-0.91375,1.883936058
MT,Freezing,FSR2,FS2-MT5,25.88,26.41,0.53,-0.592916667,1.122916667,0.459164603
MT,Freezing,FSR2,FS2-MT6,23.96,24.41333333,0.453333333,-0.592916667,1.04625,0.484225178
MT,Freezing,FSR2,FS2-MT7,26.40666667,25.70333333,-0.703333333,-0.592916667,-0.110416667,1.079539975
MT,Freezing,FSR2,FS2-MT8,28.52666667,28.64,0.113333333,-0.592916667,0.70625,0.612911211
MT,Freezing,FSR2,FS2-MT9,25.21,23.865,-1.345,-0.592916667,-0.752083333,1.684223189
MT,Freezing,FSR24,FS24-MT1,34.21,33.96333333,-0.246666667,-0.592916667,0.34625,0.786626122
MT,Freezing,FSR24,FS24-MT2,24.37666667,23.27,-1.106666667,-0.592916667,-0.51375,1.427756547
MT,Freezing,FSR24,FS24-MT3,23.02666667,23.145,0.118333333,-0.592916667,0.71125,0.6107907
MT,Freezing,FSR24,FS24-MT4,26.98,26.25666667,-0.723333333,-0.592916667,-0.130416667,1.094609791
MT,Freezing,FSR24,FS24-MT5,25.2,24.91,-0.29,-0.592916667,0.302916667,0.810611941
MT,Freezing,FSR24,FS24-MT6,26.68666667,26,-0.686666667,-0.592916667,-0.09375,1.067140401
MT,Freezing,FSR24,FS24-MT7,23.94,23.59333333,-0.346666667,-0.592916667,0.24625,0.843085002
MT,Freezing,FSR24,FS24-MT8,23.7,22.58,-1.12,-0.592916667,-0.527083333,1.441012983
MT,Freezing,FSR24,FS24-MT9,23.97333333,22.50333333,-1.47,-0.592916667,-0.877083333,1.836658411
M,Freezing,FSCtrl,FSCtrl-M1,25.18,25.64666667,0.466666667,-0.022222222,0.488888889,0.712573685
M,Freezing,FSCtrl,FSCtrl-M2,26.17333333,27.03,0.856666667,-0.022222222,0.878888889,0.543786074
M,Freezing,FSCtrl,FSCtrl-M3,25.98,25.33666667,-0.643333333,-0.022222222,-0.621111111,1.538059282
M,Freezing,FSCtrl,FSCtrl-M4,26.58,28.13,1.55,-0.022222222,1.572222222,0.336289998
M,Freezing,FSCtrl,FSCtrl-M5,28.435,29.11666667,0.681666667,-0.022222222,0.703888889,0.613915122
M,Freezing,FSCtrl,FSCtrl-M6,24.19,23.53,-0.66,-0.022222222,-0.637777778,1.55593067
M,Freezing,FSCtrl,FSCtrl-M7,25.105,25.015,-0.09,-0.022222222,-0.067777778,1.048101021
M,Freezing,FSCtrl,FSCtrl-M8,25.08,24.09,-0.99,-0.022222222,-0.967777778,1.955825663
M,Freezing,FSCtrl,FSCtrl-M9,24.81666667,23.445,-1.371666667,-0.022222222,-1.349444444,2.548139823
M,Freezing,FSR2,FS2-M2,29.585,30.49666667,0.911666667,-0.022222222,0.933888889,0.523445453
M,Freezing,FSR2,FS2-M3,25.55666667,26.22666667,0.67,-0.022222222,0.692222222,0.618899807
M,Freezing,FSR2,FS2-M4,27.725,28.45,0.725,-0.022222222,0.747222222,0.595749515
M,Freezing,FSR2,FS2-M5,25.81,26.75666667,0.946666667,-0.022222222,0.968888889,0.510899387
M,Freezing,FSR2,FS2-M6,24.93333333,24.09666667,-0.836666667,-0.022222222,-0.814444444,1.758620809
M,Freezing,FSR2,FS2-M7,23.83666667,23.28333333,-0.553333333,-0.022222222,-0.531111111,1.445041685
M,Freezing,FSR2,FS2-M8,25.98,25.87,-0.11,-0.022222222,-0.087777778,1.062731966
M,Freezing,FSR2,FS2-M9,26.54,27.535,0.995,-0.022222222,1.017222222,0.494066717
M,Freezing,FSR24,FS24-M1,29.26666667,30.79,1.523333333,-0.022222222,1.545555556,0.342563761
M,Freezing,FSR24,FS24-M2,27.80333333,28.08,0.276666667,-0.022222222,0.298888889,0.812878204
M,Freezing,FSR24,FS24-M3,26.975,28.16333333,1.188333333,-0.022222222,1.210555556,0.432102189
M,Freezing,FSR24,FS24-M4,26.20333333,26.89333333,0.69,-0.022222222,0.712222222,0.610379231
M,Freezing,FSR24,FS24-M5,28.16333333,28.93666667,0.773333333,-0.022222222,0.795555556,0.576121277
M,Freezing,FSR24,FS24-M6,24.22,25.13666667,0.916666667,-0.022222222,0.938888889,0.52163447
M,Freezing,FSR24,FS24-M7,26.00666667,25.59,-0.416666667,-0.022222222,-0.394444444,1.314436497
M,Freezing,FSR24,FS24-M8,27.43666667,28.01333333,0.576666667,-0.022222222,0.598888889,0.66026227
NT,Freezing,FSCtrl,FSCtrl-N3,26.4,26.42666667,0.026666667,-0.526388889,0.553055556,0.681575057
NT,Freezing,FSCtrl,FSCtrl-N5,30.795,31.005,0.21,-0.526388889,0.736388889,0.600239893
NT,Freezing,FSCtrl,FSCtrl-N6,25.13666667,24.18,-0.956666667,-0.526388889,-0.430277778,1.347492999
NT,Freezing,FSCtrl,FSCtrl-N7,25.17666667,24.59666667,-0.58,-0.526388889,-0.053611111,1.03785947
NT,Freezing,FSCtrl,FSCtrl-N8,24.4,23.515,-0.885,-0.526388889,-0.358611111,1.282190932
NT,Freezing,FSCtrl,FSCtrl-N9,24.60333333,23.63,-0.973333333,-0.526388889,-0.446944444,1.363150114
NT,Freezing,FSR2,FS2-NT2,32.165,30.9,-1.265,-0.526388889,-0.738611111,1.668568727
NT,Freezing,FSR2,FS2-NT6,25.53666667,24.17666667,-1.36,-0.526388889,-0.833611111,1.782140538
NT,Freezing,FSR2,FS2-NT7,26.15,25.12,-1.03,-0.526388889,-0.503611111,1.417757817
NT,Freezing,FSR2,FS2-NT9,24.86,24.38666667,-0.473333333,-0.526388889,0.053055556,0.963892689
NT,Freezing,FSR24,FS24-NT1,30.525,31.38333333,0.858333333,-0.526388889,1.384722222,0.382963228
NT,Freezing,FSR24,FS24-NT2,32.175,30.25,-1.925,-0.526388889,-1.398611111,2.636476452
NT,Freezing,FSR24,FS24-NT4,30.255,29.97333333,-0.281666667,-0.526388889,0.244722222,0.843978281
NT,Freezing,FSR24,FS24-NT5,32.18,32.985,0.805,-0.526388889,1.331388889,0.397385493
NT,Freezing,FSR24,FS24-NT6,25.63666667,25.38666667,-0.25,-0.526388889,0.276388889,0.825655074
NT,Freezing,FSR24,FS24-NT7,24.60666667,23.72333333,-0.883333333,-0.526388889,-0.356944444,1.280710543
NT,Freezing,FSR24,FS24-NT8,25.06333333,25.16,0.096666667,-0.526388889,0.623055556,0.649294298
NT,Freezing,FSR24,FS24-NT9,25.49333333,26.24333333,0.75,-0.526388889,1.276388889,0.412827537
FB,Heat,HSCtrl,HSCtrl-FB3,24.05,23,-1.05,-1.616190476,0.566190476,0.675397865
FB,Heat,HSCtrl,HSCtrl-FB4,22.49333333,20.14,-2.353333333,-1.616190476,-0.737142857,1.666871461
FB,Heat,HSCtrl,HSCtrl-FB5,22.45,20.70666667,-1.743333333,-1.616190476,-0.127142857,1.092128684
FB,Heat,HSCtrl,HSCtrl-FB6,21.42,20.30333333,-1.116666667,-1.616190476,0.49952381,0.707340215
FB,Heat,HSCtrl,HSCtrl-FB7,23.9,22.285,-1.615,-1.616190476,0.001190476,0.999175165
FB,Heat,HSCtrl,HSCtrl-FB8,26.91333333,24.87,-2.043333333,-1.616190476,-0.427142857,1.344568128
FB,Heat,HSCtrl,HSCtrl-FB9,19.82666667,18.435,-1.391666667,-1.616190476,0.22452381,0.855877479
FB,Heat,HSR2,HS2-FB1,25.325,23.89,-1.435,-1.616190476,0.181190476,0.881974912
FB,Heat,HSR2,HS2-FB2,26.05,24.02333333,-2.026666667,-1.616190476,-0.41047619,1.329124446
FB,Heat,HSR2,HS2-FB3,24.25,22.59,-1.66,-1.616190476,-0.043809524,1.030832211
FB,Heat,HSR2,HS2-FB4,22.98666667,21.805,-1.181666667,-1.616190476,0.43452381,0.739937946
FB,Heat,HSR2,HS2-FB5,24.79333333,23.66666667,-1.126666667,-1.616190476,0.48952381,0.712260155
FB,Heat,HSR2,HS2-FB6,25.52666667,24.28333333,-1.243333333,-1.616190476,0.372857143,0.772251598
FB,Heat,HSR2,HS2-FB7,24.88,22.21333333,-2.666666667,-1.616190476,-1.05047619,2.07121338
FB,Heat,HSR2,HS2-FB8,23.84,21.65666667,-2.183333333,-1.616190476,-0.567142857,1.481586499
FB,Heat,HSR2,HS2-FB9,23.24333333,22.13333333,-1.11,-1.616190476,0.506190476,0.704079149
FB,Heat,HSR24,HS24-FB1,23.13666667,24.38,1.243333333,-1.616190476,2.85952381,0.13778361
FB,Heat,HSR24,HS24-FB2,22.52,22.6,0.08,-1.616190476,1.696190476,0.308599905
FB,Heat,HSR24,HS24-FB3,22.22666667,22.45666667,0.23,-1.616190476,1.846190476,0.278125807
FB,Heat,HSR24,HS24-FB4,24.21333333,22.88,-1.333333333,-1.616190476,0.282857143,0.821961575
FB,Heat,HSR24,HS24-FB6,25.35666667,24.74666667,-0.61,-1.616190476,1.006190476,0.497859141
FB,Heat,HSR24,HS24-FB7,22.18666667,21.40333333,-0.783333333,-1.616190476,0.832857143,0.5614163
FB,Heat,HSR24,HS24-FB8,20.955,20.23333333,-0.721666667,-1.616190476,0.89452381,0.537924719
FB,Heat,HSR24,HS24-FB9,24.56666667,24.82333333,0.256666667,-1.616190476,1.872857143,0.273032171
MG,Heat,HSCtrl,HSCtrl-MG1,24.60333333,24.215,-0.388333333,-0.73047619,0.342142857,0.788868722
MG,Heat,HSCtrl,HSCtrl-MG3,23.39333333,22.97,-0.423333333,-0.73047619,0.307142857,0.808240832
MG,Heat,HSCtrl,HSCtrl-MG4,22.78333333,21.45,-1.333333333,-0.73047619,-0.602857143,1.518721297
MG,Heat,HSCtrl,HSCtrl-MG5,23.55666667,23.05666667,-0.5,-0.73047619,0.23047619,0.852353509
MG,Heat,HSCtrl,HSCtrl-MG6,23.02666667,22.81,-0.216666667,-0.73047619,0.513809524,0.700370623
MG,Heat,HSCtrl,HSCtrl-MG8,23.51,22.715,-0.795,-0.73047619,-0.06452381,1.045739715
MG,Heat,HSCtrl,HSCtrl-MG9,23.68333333,22.22666667,-1.456666667,-0.73047619,-0.726190476,1.654265132
MG,Heat,HSR2,HS2-MG1,26.82666667,26.12,-0.706666667,-0.73047619,0.023809524,0.983631932
MG,Heat,HSR2,HS2-MG2,23.76333333,22.17666667,-1.586666667,-0.73047619,-0.856190476,1.810251914
MG,Heat,HSR2,HS2-MG3,24.12333333,22.88,-1.243333333,-0.73047619,-0.512857143,1.426873208
MG,Heat,HSR2,HS2-MG4,22.83333333,20.72,-2.113333333,-0.73047619,-1.382857143,2.607843226
MG,Heat,HSR2,HS2-MG6,24.10333333,21.76,-2.343333333,-0.73047619,-1.612857143,3.058569678
MG,Heat,HSR2,HS2-MG7,22.21,20.79666667,-1.413333333,-0.73047619,-0.682857143,1.60531581
MG,Heat,HSR2,HS2-MG8,23.46666667,21.48,-1.986666667,-0.73047619,-1.256190476,2.388641721
MG,Heat,HSR2,HS2-MG9,21.53,20.22,-1.31,-0.73047619,-0.57952381,1.494355925
MG,Heat,HSR24,HS24-MG2,23.08666667,24.69666667,1.61,-0.73047619,2.34047619,0.197445146
MG,Heat,HSR24,HS24-MG3,23.615,25.21333333,1.598333333,-0.73047619,2.328809524,0.199048303
MG,Heat,HSR24,HS24-MG4,21.89,23.165,1.275,-0.73047619,2.00547619,0.249052847
MG,Heat,HSR24,HS24-MG5,22.63,20.735,-1.895,-0.73047619,-1.16452381,2.241592151
MG,Heat,HSR24,HS24-MG6,23.96,24.305,0.345,-0.73047619,1.07547619,0.474514412
MG,Heat,HSR24,HS24-MG7,24.00333333,23.93,-0.073333333,-0.73047619,0.657142857,0.634132904
MG,Heat,HSR24,HS24-MG8,22.68,24.27666667,1.596666667,-0.73047619,2.327142857,0.199278385
MG,Heat,HSR24,HS24-MG9,23.75666667,24.185,0.428333333,-0.73047619,1.158809524,0.447881964
MT,Heat,HSCtrl,HSCtrl-MT1,25.42,25.02,-0.4,-1.367222222,0.967222222,0.511489943
MT,Heat,HSCtrl,HSCtrl-MT2,28.595,28.91,0.315,-1.367222222,1.682222222,0.311602298
MT,Heat,HSCtrl,HSCtrl-MT3,25.50666667,23.54,-1.966666667,-1.367222222,-0.599444444,1.515133004
MT,Heat,HSCtrl,HSCtrl-MT4,23.29666667,21.06,-2.236666667,-1.367222222,-0.869444444,1.826959236
MT,Heat,HSCtrl,HSCtrl-MT5,25.22666667,23.065,-2.161666667,-1.367222222,-0.794444444,1.734409356
MT,Heat,HSCtrl,HSCtrl-MT6,23.635,22.56666667,-1.068333333,-1.367222222,0.298888889,0.812878204
MT,Heat,HSCtrl,HSCtrl-MT7,22.88666667,21.475,-1.411666667,-1.367222222,-0.044444444,1.031285973
MT,Heat,HSCtrl,HSCtrl-MT8,22.43333333,21.065,-1.368333333,-1.367222222,-0.001111111,1.00077046
MT,Heat,HSCtrl,HSCtrl-MT9,23.44666667,21.44,-2.006666667,-1.367222222,-0.639444444,1.557729191
MT,Heat,HSR2,HS2-MT1,24.15,22.03333333,-2.116666667,-1.367222222,-0.749444444,1.681145327
MT,Heat,HSR2,HS2-MT2,24.14,21.215,-2.925,-1.367222222,-1.557777778,2.944000217
MT,Heat,HSR2,HS2-MT3,24.14333333,21.43333333,-2.71,-1.367222222,-1.342777778,2.536392081
MT,Heat,HSR2,HS2-MT4,23.64666667,21.70666667,-1.94,-1.367222222,-0.572777778,1.487384639
MT,Heat,HSR2,HS2-MT5,26,22.11666667,-3.883333333,-1.367222222,-2.516111111,5.720380491
MT,Heat,HSR2,HS2-MT6,24.96666667,21.09,-3.876666667,-1.367222222,-2.509444444,5.694007702
MT,Heat,HSR2,HS2-MT7,22.93,21.11333333,-1.816666667,-1.367222222,-0.449444444,1.365514321
MT,Heat,HSR2,HS2-MT8,22.27666667,18.79666667,-3.48,-1.367222222,-2.112777778,4.325232775
MT,Heat,HSR24,HS24-MT1,27.855,26.98666667,-0.868333333,-1.367222222,0.498888889,0.707651579
MT,Heat,HSR24,HS24-MT2,28.34,26.93,-1.41,-1.367222222,-0.042777778,1.030095273
MT,Heat,HSR24,HS24-MT3,23.63,22.57333333,-1.056666667,-1.367222222,0.310555556,0.806331196
MT,Heat,HSR24,HS24-MT4,23.38333333,22.01,-1.373333333,-1.367222222,-0.006111111,1.004244884
MT,Heat,HSR24,HS24-MT7,27.27,25.33,-1.94,-1.367222222,-0.572777778,1.487384639
MT,Heat,HSR24,HS24-MT9,25.27,23.32666667,-1.943333333,-1.367222222,-0.576111111,1.4908252
M,Heat,HSCtrl,HSCtrl-M3,28.16333333,27.225,-0.938333333,0.435,-1.373333333,2.590684504
M,Heat,HSCtrl,HSCtrl-M4,29.06333333,29.38666667,0.323333333,0.435,-0.111666667,1.08047573
M,Heat,HSCtrl,HSCtrl-M5,27.20666667,26.09,-1.116666667,0.435,-1.551666667,2.931556103
M,Heat,HSCtrl,HSCtrl-M6,24.05,25.47,1.42,0.435,0.985,0.505225723
M,Heat,HSCtrl,HSCtrl-M7,25.87,27.58,1.71,0.435,1.275,0.413225159
M,Heat,HSCtrl,HSCtrl-M8,23.91,24.85,0.94,0.435,0.505,0.704660378
M,Heat,HSCtrl,HSCtrl-M9,23.39666667,24.10333333,0.706666667,0.435,0.271666667,0.828362031
M,Heat,HSR2,HS2-M1,22.495,21.38,-1.115,0.435,-1.55,2.928171392
M,Heat,HSR2,HS2-M2,25.31,22.56333333,-2.746666667,0.435,-3.181666667,9.073547203
M,Heat,HSR2,HS2-M3,25.09,22.6,-2.49,0.435,-2.925,7.594736968
M,Heat,HSR2,HS2-M4,24.09,21.05,-3.04,0.435,-3.475,11.11934576
M,Heat,HSR2,HS2-M6,25.13666667,23.14666667,-1.99,0.435,-2.425,5.370290011
M,Heat,HSR2,HS2-M7,23.90333333,22.05666667,-1.846666667,0.435,-2.281666667,4.862393551
M,Heat,HSR2,HS2-M8,21.81,20.09333333,-1.716666667,0.435,-2.151666667,4.443408151
M,Heat,HSR2,HS2-M9,25.14333333,22.84666667,-2.296666667,0.435,-2.731666667,6.642225335
M,Heat,HSR24,HS24-M1,30.985,27.80666667,-3.178333333,0.435,-3.613333333,12.23831755
M,Heat,HSR24,HS24-M2,25.62,22.88333333,-2.736666667,0.435,-3.171666667,9.010871634
M,Heat,HSR24,HS24-M3,26.32333333,24.11333333,-2.21,0.435,-2.645,6.254957145
M,Heat,HSR24,HS24-M4,23.26,21.06,-2.2,0.435,-2.635,6.211751
M,Heat,HSR24,HS24-M6,27.12666667,24.12666667,-3,0.435,-3.435,10.81528666
M,Heat,HSR24,HS24-M7,25.61666667,22.55666667,-3.06,0.435,-3.495,11.27456604
M,Heat,HSR24,HS24-M8,24.67666667,21.98666667,-2.69,0.435,-3.125,8.724061861
M,Heat,HSR24,HS24-M9,22.61333333,19.88666667,-2.726666667,0.435,-3.161666667,8.948628997
NT,Heat,HSCtrl,HSCtrl-NT2,30.555,31.225,0.67,0.419583333,0.250416667,0.84065359
NT,Heat,HSCtrl,HSCtrl-NT7,23.68333333,24.16666667,0.483333333,0.419583333,0.06375,0.95677394
NT,Heat,HSCtrl,HSCtrl-NT8,27.31333333,27.145,-0.168333333,0.419583333,-0.587916667,1.503074655
NT,Heat,HSCtrl,HSCtrl-NT9,24.41333333,25.10666667,0.693333333,0.419583333,0.27375,0.827166693
NT,Heat,HSR2,HS2-NT3,25.255,23.18666667,-2.068333333,0.419583333,-2.487916667,5.609672966
NT,Heat,HSR2,HS2-NT4,24.76666667,22.575,-2.191666667,0.419583333,-2.61125,6.110328739
NT,Heat,HSR2,HS2-NT5,28.21666667,25.725,-2.491666667,0.419583333,-2.91125,7.522697091
NT,Heat,HSR2,HS2-NT7,24.64,22.06333333,-2.576666667,0.419583333,-2.99625,7.979232587
NT,Heat,HSR2,HS2-NT8,23.15666667,20.82,-2.336666667,0.419583333,-2.75625,6.756377789
NT,Heat,HSR2,HS2-NT9,23.19,21.18666667,-2.003333333,0.419583333,-2.422916667,5.362540605
NT,Heat,HSR24,HS24-NT1,25.80333333,24.91333333,-0.89,0.419583333,-1.309583333,2.47869942
NT,Heat,HSR24,HS24-NT2,24.33,23.54,-0.79,0.419583333,-1.209583333,2.312708335
NT,Heat,HSR24,HS24-NT3,24.68,24.03,-0.65,0.419583333,-1.069583333,2.098827115
NT,Heat,HSR24,HS24-NT4,23.97666667,22.33,-1.646666667,0.419583333,-2.06625,4.187966784
NT,Heat,HSR24,HS24-NT5,27.66,25.06333333,-2.596666667,0.419583333,-3.01625,8.090618523
NT,Heat,HSR24,HS24-NT6,29.03,26.79666667,-2.233333333,0.419583333,-2.652916667,6.289375038
NT,Heat,HSR24,HS24-NT7,24.98,23.97666667,-1.003333333,0.419583333,-1.422916667,2.681270302
NT,Heat,HSR24,HS24-NT8,27.15333333,25.99,-1.163333333,0.419583333,-1.582916667,2.995748823
NT,Heat,HSR24,HS24-NT9,23.59333333,22.00333333,-1.59,0.419583333,-2.009583333,4.026659088
