Tissue ,Expt,Treatment ,Sample ID,Blot ID,Lane,[Protein] (ug),Ponceau IntegratedDensity,HSP-RelativeDensity,HSP Ratio,ControlAverage,foldChange
FB,Heat,HSC,HSC-2,1,2,5,7707527,10313.669,0.001338129,0.00120107,1.114114609
FB,Heat,HSC,HSC-4,1,3,5,7691488,11753.548,0.001528124,0.00120107,1.272302419
FB,Heat,HSC,HSC-6,1,4,5,6877515,5068.426,0.000736956,0.00120107,0.613582972
FB,Heat,HS2,HS2-2,1,5,5,7272743,25873.397,0.003557584,0.00120107,2.962012902
FB,Heat,HS2,HS2-4,1,6,5,7298705,12912.497,0.001769149,0.00120107,1.472977651
FB,Heat,HS2,HS2-6,1,7,5,7249524,5701.376,0.000786448,0.00120107,0.654789831
FB,Heat,HS24,HS24-2,1,8,5,7283807,11530.619,0.001583048,0.00120107,1.318031917
FB,Heat,HS24,HS24-4,1,9,5,6715446,26152.518,0.003894383,0.00120107,3.242428313
FB,Heat,HS24,HS24-6,1,10,5,7040529,21290.033,0.003023925,0.00120107,2.517693029
FB,Heat,HSC,HSC-8,2,2,5,36615188,3057.962,8.35162E-05,0.000334905,0.249372985
FB,Heat,HSC,HSC-10,2,3,5,37227401,10072.861,0.000270577,0.000334905,0.807920654
FB,Heat,HSC,HSC-12,2,4,5,39479057,25685.933,0.000650622,0.000334905,1.942706361
FB,Heat,HS2,HS2-8,2,5,5,33444072,25931.811,0.000775378,0.000334905,2.315220106
FB,Heat,HS2,HS2-10,2,6,5,34746105,23735.518,0.000683113,0.000334905,2.039722909
FB,Heat,HS2,HS2-12,2,7,5,32659659,13992.276,0.000428427,0.000334905,1.279249643
FB,Heat,HS24,HS24-8,2,8,5,33190025,15146.276,0.00045635,0.000334905,1.362626636
FB,Heat,HS24,HS24-10,2,9,5,34237447,10345.276,0.000302163,0.000334905,0.902234222
FB,Heat,HS24,HS24-12,2,10,5,36556119,11755.276,0.000321568,0.000334905,0.960177081
FB,Heat,HSC,HSC-14,3,2,5,61127359,19133.104,0.000313004,0.000242402,1.291257395
FB,Heat,HSC,HSC-16,3,3,5,56009672,12060.569,0.00021533,0.000242402,0.888316626
FB,Heat,HSC,HSC-18,3,4,5,58765373,11686.861,0.000198873,0.000242402,0.820425979
FB,Heat,HS2,HS2-14,3,5,5,62349142,19347.811,0.000310314,0.000242402,1.280160366
FB,Heat,HS2,HS2-16,3,6,5,64863424,21974.225,0.000338777,0.000242402,1.397580135
FB,Heat,HS2,HS2-18,3,7,5,65282561,25159.225,0.00038539,0.000242402,1.589875431
FB,Heat,HS24,HS24-14,3,8,5,63777833,24437.933,0.000383173,0.000242402,1.580730136
FB,Heat,HS24,HS24-16,3,9,5,61453808,20978.347,0.000341368,0.000242402,1.408268573
FB,Heat,HS24,HS24-18,3,10,5,59508153,24711.468,0.000415262,0.000242402,1.713109396
M,Heat,HSC,HSC-2,4,2,10,46113377,5975.569,0.000129584,0.000168814,0.767615647
M,Heat,HSC,HSC-4,4,3,10,45786372,9525.569,0.000208044,0.000168814,1.232384353
M,Heat,HS2,HS2-2,4,5,10,41081305,16987.861,0.000413518,0.000168814,2.44954797
M,Heat,HS2,HS2-4,4,6,10,40501689,19287.447,0.000476213,0.000168814,2.820935083
M,Heat,HS2,HS2-6,4,7,10,40750833,1741.142,4.27265E-05,0.000168814,0.253098273
M,Heat,HS24,HS24-2,4,8,10,40860808,23023.518,0.000563462,0.000168814,3.337768528
M,Heat,HS24,HS24-4,4,9,10,44612422,29273.347,0.00065617,0.000168814,3.886941999
M,Heat,HS24,HS24-6,4,10,10,46412853,9530.225,0.000205336,0.000168814,1.216343867
M,Heat,HSC,HSC-8,5,2,10,36978661,19719.64,0.000533271,0.000285063,1.870713951
M,Heat,HSC,HSC-10,5,3,10,34124390,7013.518,0.000205528,0.000285063,0.720992261
M,Heat,HSC,HSC-12,5,4,10,33516490,3900.962,0.000116389,0.000285063,0.408293788
M,Heat,HS2,HS2-8,5,5,10,34193662,19375.397,0.000566637,0.000285063,1.987762895
M,Heat,HS2,HS2-10,5,6,10,34608509,7838.376,0.000226487,0.000285063,0.794516255
M,Heat,HS2,HS2-12,5,7,10,37096335,15189.276,0.000409455,0.000285063,1.436367774
M,Heat,HS24,HS24-8,5,8,10,37454285,27669.518,0.000738754,0.000285063,2.591550446
M,Heat,HS24,HS24-10,5,9,10,37995332,23918.861,0.000629521,0.000285063,2.208359812
M,Heat,HS24,HS24-12,5,10,10,39466136,17567.468,0.000445128,0.000285063,1.561507761
M,Heat,HSC,HSC-14,6,2,10,48023250,10075.569,0.000209806,0.000258143,0.812751636
M,Heat,HSC,HSC-18,6,4,10,47209846,14468.861,0.00030648,0.000258143,1.187248364
M,Heat,HS2,HS2-14,6,5,10,47589910,14372.326,0.000302004,0.000258143,1.169908766
M,Heat,HS2,HS2-16,6,6,10,47585093,19631.619,0.000412558,0.000258143,1.598177505
M,Heat,HS2,HS2-18,6,7,10,47679525,5982.69,0.000125477,0.000258143,0.486076247
M,Heat,HS24,HS24-14,6,8,10,47553650,21804.933,0.000458533,0.000258143,1.776277107
M,Heat,HS24,HS24-16,6,9,10,46242005,23281.64,0.000503474,0.000258143,1.95036876
M,Heat,HS24,HS24-18,6,10,10,45168529,15143.397,0.000335264,0.000258143,1.298754842
Mg,Heat,HSC,HSC-2,7,2,10,47821431,17874.861,0.000373783,0.000342291,1.092006556
Mg,Heat,HSC,HSC-4,7,3,10,39759569,15875.861,0.000399297,0.000342291,1.166543022
Mg,Heat,HSC,HSC-6,7,4,10,40309775,10230.276,0.000253791,0.000342291,0.741450422
Mg,Heat,HS2,HS2-2,7,5,10,39991179,31131.933,0.00077847,0.000342291,2.274296167
Mg,Heat,HS2,HS2-4,7,6,10,39858288,31509.104,0.000790528,0.000342291,2.30952439
Mg,Heat,HS2,HS2-6,7,7,10,40050644,29493.74,0.000736411,0.000342291,2.151421398
Mg,Heat,HS24,HS24-2,7,8,10,40181396,29826.276,0.000742291,0.000342291,2.168598492
Mg,Heat,HS24,HS24-4,7,9,10,40018554,6884.912,0.000172043,0.000342291,0.50262275
Mg,Heat,HS24,HS24-6,7,10,10,49405006,19988.296,0.00040458,0.000342291,1.181979532
Mg,Heat,HSC,HSC-8,8,2,10,49468113,24688.811,0.000499085,0.000356449,1.400160721
Mg,Heat,HSC,HSC-10,8,3,10,45505809,12570.033,0.000276229,0.000356449,0.774948135
Mg,Heat,HSC,HSC-12,8,4,10,45221024,13296.397,0.000294031,0.000356449,0.824891143
Mg,Heat,HS2,HS2-8,8,5,10,46007403,3824.79,8.31342E-05,0.000356449,0.233229207
Mg,Heat,HS2,HS2-10,8,6,10,46636364,15204.861,0.00032603,0.000356449,0.914662408
Mg,Heat,HS2,HS2-12,8,7,10,49757869,32728.811,0.000657762,0.000356449,1.845319263
Mg,Heat,HS24,HS24-8,8,8,10,49525350,25421.225,0.000513297,0.000356449,1.440031461
Mg,Heat,HS24,HS24-12,8,10,10,57639730,20309.811,0.000352358,0.000356449,0.988523512
Mg,Heat,HSC,HSC-14,9,2,10,42092913,3581.154,8.50774E-05,0.000271943,0.312850096
Mg,Heat,HSC,HSC-16,9,3,10,43045686,22976.104,0.000533761,0.000271943,1.962768283
Mg,Heat,HSC,HSC-18,9,4,10,44162646,8699.619,0.00019699,0.000271943,0.724381622
Mg,Heat,HS2,HS2-14,9,5,10,42389181,23242.811,0.000548319,0.000271943,2.016303488
Mg,Heat,HS2,HS2-16,9,6,10,42791428,28908.104,0.000675558,0.000271943,2.484191693
Mg,Heat,HS2,HS2-18,9,7,10,42932481,26131.811,0.000608672,0.000271943,2.238235597
Mg,Heat,HS24,HS24-14,9,8,10,42001096,29414.518,0.000700327,0.000271943,2.575273681
Mg,Heat,HS24,HS24-16,9,9,10,40751780,31522.225,0.000773518,0.000271943,2.844412365
Mg,Heat,HS24,HS24-18,9,10,10,40151071,23595.69,0.000587673,0.000271943,2.161015212
MT,Heat,HSC,HSC-2,10,2,5,7501790,15397.569,0.002052519,0.001861332,1.102715496
MT,Heat,HSC,HSC-4,10,3,5,7500912,20483.619,0.002730817,0.001861332,1.467130819
MT,Heat,HSC,HSC-6,10,4,5,7558514,6051.79,0.000800659,0.001861332,0.430153686
MT,Heat,HS2,HS2-2,10,5,5,7521318,18383.397,0.002444172,0.001861332,1.313130946
MT,Heat,HS2,HS2-4,10,6,5,7524590,14292.255,0.001899406,0.001861332,1.020455654
MT,Heat,HS2,HS2-6,10,7,5,7509605,10553.205,0.001405294,0.001861332,0.754994002
MT,Heat,HS24,HS24-2,10,8,5,7464126,31054.347,0.00416048,0.001861332,2.235216839
MT,Heat,HS24,HS24-4,10,9,5,6434374,16479.962,0.002561238,0.001861332,1.376024372
MT,Heat,HS24,HS24-6,10,10,5,7378753,15403.083,0.002087491,0.001861332,1.121504199
MT,Heat,HSC,HSC-12,11,4,5,47802945,9050.569,0.000189331,0.000189331,1
MT,Heat,HS2,HS2-8,11,5,5,46989909,24089.69,0.000512657,0.000189331,2.707730124
MT,Heat,HS2,HS2-10,11,6,5,48857172,27907.347,0.000571203,0.000189331,3.016956141
MT,Heat,HS2,HS2-12,11,7,5,48793480,11244.276,0.000230446,0.000189331,1.217162246
MT,Heat,HS24,HS24-8,11,8,5,48219642,28596.225,0.000593041,0.000189331,3.132301029
MT,Heat,HS24,HS24-10,11,9,5,49366363,30848.225,0.000624883,0.000189331,3.300485407
MT,Heat,HS24,HS24-12,11,10,5,56403851,23468.589,0.000416081,0.000189331,2.19764223
MT,Heat,HSC,HSC-14,12,2,5,29640342,17899.397,0.000603886,0.00060782,0.993528027
MT,Heat,HSC,HSC-16,12,3,5,29557198,9221.74,0.000311996,0.00060782,0.513303878
MT,Heat,HSC,HSC-18,12,4,5,29252465,26548.882,0.000907578,0.00060782,1.493168095
MT,Heat,HS2,HS2-14,12,5,5,29529535,16193.276,0.000548376,0.00060782,0.902200457
MT,Heat,HS2,HS2-16,12,6,5,29415605,21632.69,0.000735415,0.00060782,1.209922838
MT,Heat,HS2,HS2-18,12,7,5,29595258,12909.962,0.000436217,0.00060782,0.717674915
MT,Heat,HS24,HS24-14,12,8,5,31010710,30586.468,0.00098632,0.00060782,1.622716127
MT,Heat,HS24,HS24-16,12,9,5,29023972,20875.033,0.000719234,0.00060782,1.18330107
MT,Heat,HS24,HS24-18,12,10,5,32230683,31713.64,0.000983958,0.00060782,1.618831013
NS,Heat,HSC,HSC-2,13,2,5,6225715,11908.154,0.001912737,0.00267344,0.715458948
NS,Heat,HSC,HSC-4,13,3,5,6216462,25519.225,0.004105104,0.00267344,1.535513754
NS,Heat,HSC,HSC-6,13,4,5,7059592,14136.69,0.00200248,0.00267344,0.749027298
NS,Heat,HS2,HS2-2,13,5,5,7100636,25562.861,0.00360008,0.00267344,1.346609648
NS,Heat,HS2,HS2-4,13,6,5,7121699,27214.276,0.003821318,0.00267344,1.429363487
NS,Heat,HS2,HS2-6,13,7,5,6325988,15524.569,0.002454094,0.00267344,0.917953541
NS,Heat,HS24,HS24-2,13,8,5,7286120,22513.811,0.003089959,0.00267344,1.155798721
NS,Heat,HS24,HS24-4,13,9,5,5887016,23065.033,0.00391795,0.00267344,1.46550862
NS,Heat,HS24,HS24-6,13,10,5,7174224,9148.912,0.001275248,0.00267344,0.477006208
NS,Heat,HSC,HSC-8,14,2,5,34680540,2427.82,7.00053E-05,0.000356518,0.19635828
NS,Heat,HSC,HSC-10,14,3,5,34428456,20658.397,0.000600038,0.000356518,1.683052479
NS,Heat,HSC,HSC-12,14,4,5,33159955,13247.74,0.00039951,0.000356518,1.120589242
NS,Heat,HS2,HS2-8,14,5,5,33096302,20185.154,0.000609892,0.000356518,1.710689467
NS,Heat,HS2,HS2-10,14,6,5,32915390,28045.569,0.00085205,0.000356518,2.389922596
NS,Heat,HS2,HS2-12,14,7,5,34113066,19125.983,0.000560664,0.000356518,1.572612039
NS,Heat,HS24,HS24-8,14,8,5,30881991,5389.134,0.000174507,0.000356518,0.489476984
NS,Heat,HS24,HS24-10,14,9,5,30749645,10510.376,0.000341805,0.000356518,0.958730915
NS,Heat,HS24,HS24-12,14,10,5,31136572,4826.133,0.000154999,0.000356518,0.434757492
NS,Heat,HSC,HSC-14,15,2,5,70491005,7677.69,0.000108917,0.000120837,0.901359065
NS,Heat,HSC,HSC-16,15,3,5,70108032,9307.276,0.000132756,0.000120837,1.098640935
NS,Heat,HS24,HS24-14,15,8,5,55222784,25617.104,0.000463887,0.000120837,3.838952109
NS,Heat,HS24,HS24-16,15,9,5,54399397,26810.811,0.000492851,0.000120837,4.078653632
NS,Heat,HS24,HS24-18,15,10,5,54702979,32735.175,0.000598417,0.000120837,4.95227382
NS,Freezing,CSC,CSC-2,16,2,5,40194075,492.384,1.22502E-05,0.000244171,0.050170411
NS,Freezing,CSC,CSC-4,16,3,5,39946638,24170.983,0.000605082,0.000244171,2.478105808
NS,Freezing,CSC,CSC-6,16,4,5,39843314,4589.205,0.000115181,0.000244171,0.471723781
NS,Freezing,CS2,CS2-2,16,5,5,37904952,19451.104,0.000513155,0.000244171,2.101619413
NS,Freezing,CS2,CS2-4,16,6,5,38334149,14238.518,0.000371432,0.000244171,1.521194438
NS,Freezing,CS2,CS2-6,16,7,5,40520094,28844.116,0.000711847,0.000244171,2.915362451
NS,Freezing,CS24,CS24-2,16,8,5,40747376,17874.69,0.000438671,0.000244171,1.796572048
NS,Freezing,CS24,CS24-4,16,9,5,41377556,12264.811,0.000296412,0.000244171,1.213952773
NS,Freezing,CS24,CS24-6,16,10,5,43510916,14925.104,0.00034302,0.000244171,1.404833666
FB,Freezing,CSC,CSC-2,17,2,5,37998548,12847.104,0.000338095,0.000331852,1.018812589
FB,Freezing,CSC,CSC-4,17,3,5,38513192,19914.69,0.000517087,0.000331852,1.558188878
FB,Freezing,CSC,CSC-6,17,4,5,39082102,5486.062,0.000140373,0.000331852,0.422998534
FB,Freezing,CS2,CS2-2,17,5,5,40279821,1441.385,3.57843E-05,0.000331852,0.107832216
FB,Freezing,CS2,CS2-4,17,6,5,40394396,2379.627,5.89098E-05,0.000331852,0.177518588
FB,Freezing,CS2,CS2-6,17,7,5,40363565,10684.619,0.000264709,0.000331852,0.797674278
FB,Freezing,CS24,CS24-2,17,8,5,41073659,6060.983,0.000147564,0.000331852,0.444667857
FB,Freezing,CS24,CS24-4,17,9,5,41348627,22091.004,0.000534262,0.000331852,1.609942723
FB,Freezing,CS24,CS24-6,17,10,5,42008405,9154.882,0.00021793,0.000331852,0.656708478
MT,Freezing,CSC,CSC-2,18,2,5,19529552,18566.619,0.000950694,0.000971741,0.978340067
MT,Freezing,CSC,CSC-4,18,3,5,19354135,22998.397,0.001188294,0.000971741,1.222849741
MT,Freezing,CSC,CSC-6,18,4,5,19303114,14983.79,0.000776237,0.000971741,0.798810192
MT,Freezing,CS2,CS2-2,18,2,5,60129766,14149.104,0.000235309,0.000971741,0.242152368
MT,Freezing,CS2,CS2-4,18,6,5,19141009,18813.154,0.000982872,0.000971741,1.011453865
MT,Freezing,CS2,CS2-6,18,3,5,44350385,3487.012,7.86242E-05,0.000971741,0.080910585
MT,Freezing,CS24,CS24-2,18,8,5,18396280,19709.69,0.001071395,0.000971741,1.102551991
MT,Freezing,CS24,CS24-4,18,9,5,21150197,19675.368,0.000930269,0.000971741,0.957321345
MT,Freezing,CS24,CS24-6,18,10,5,18730757,10097.983,0.000539112,0.000971741,0.55478997
FB,Freezing,CSC,CSC-8,19,2,5,32442906,14735.518,0.000454198,0.000399889,1.135809989
FB,Freezing,CSC,CSC-10,19,3,5,31928788,8864.74,0.000277641,0.000399889,0.694294291
FB,Freezing,CSC,CSC-12,19,4,5,31786487,14870.64,0.000467829,0.000399889,1.16989572
FB,Freezing,CS2,CS2-8,19,5,5,31893500,6797.447,0.00021313,0.000399889,0.532971116
FB,Freezing,CS2,CS2-10,19,6,5,32365534,14839.175,0.000458487,0.000399889,1.146534176
FB,Freezing,CS2,CS2-12,19,7,5,32714147,18149.518,0.000554791,0.000399889,1.387361122
FB,Freezing,CS24,CS24-8,19,8,5,33057788,9844.033,0.000297783,0.000399889,0.744662177
FB,Freezing,CS24,CS24-12,19,10,5,35056272,7475.397,0.00021324,0.000399889,0.533247167
FB,Freezing,CSC,CSC-14,20,2,5,36619304,12684.447,0.000346387,0.000308327,1.123439513
FB,Freezing,CSC,CSC-16,20,3,5,36191050,14594.276,0.000403256,0.000308327,1.307885166
FB,Freezing,CSC,CSC-18,20,4,5,35878068,6290.79,0.000175338,0.000308327,0.568675321
FB,Freezing,CS2,CS2-14,20,5,5,35740733,5289.669,0.000148001,0.000308327,0.480013315
FB,Freezing,CS2,CS2-16,20,6,5,35550896,22719.983,0.000639083,0.000308327,2.072744128
FB,Freezing,CS2,CS2-18,20,7,5,35636247,16016.276,0.000449438,0.000308327,1.457665335
FB,Freezing,CS24,CS24-14,20,8,5,36031083,18588.276,0.000515896,0.000308327,1.673208409
FB,Freezing,CS24,CS24-16,20,9,5,36748061,11789.004,0.000320806,0.000308327,1.040473273
FB,Freezing,CS24,CS24-18,20,10,5,37821672,3334.447,8.81623E-05,0.000308327,0.285937646
MT,Freezing,CSC,CSC-8,21,2,5,27257698,15606.912,0.000572569,0.000807197,0.709330142
MT,Freezing,CSC,CSC-10,21,3,5,26446787,23027.054,0.000870694,0.000807197,1.078663718
MT,Freezing,CSC,CSC-12,21,4,5,26101375,25535.69,0.000978327,0.000807197,1.21200614
MT,Freezing,CS2,CS2-8,21,5,5,25776388,13531.74,0.000524966,0.000807197,0.65035756
MT,Freezing,CS2,CS2-10,21,4,5,54240947,24762.882,0.000456535,0.000807197,0.565580638
MT,Freezing,CS2,CS2-12,21,5,5,55272721,2033.577,3.67917E-05,0.000807197,0.045579587
MT,Freezing,CS24,CS24-8,21,8,5,25379225,8907.397,0.000350972,0.000807197,0.434803531
MT,Freezing,CS24,CS24-10,21,9,5,25590759,24717.397,0.000965872,0.000807197,1.196575689
MT,Freezing,CS24,CS24-12,21,10,5,55889723,17318.397,0.000309867,0.000807197,0.383880757
MT,Freezing,CSC,CSC-14,22,2,5,29138413,12910.983,0.000443091,0.000457054,0.96945125
MT,Freezing,CSC,CSC-16,22,3,5,32999688,29571.125,0.000896103,0.000457054,1.960607111
MT,Freezing,CSC,CSC-18,22,6,5,55923714,1787.719,3.19671E-05,0.000457054,0.06994164
MT,Freezing,CS2,CS2-14,22,7,5,56112345,19804.983,0.000352952,0.000457054,0.77223346
MT,Freezing,CS2,CS2-16,22,6,5,23766126,27465.054,0.001155639,0.000457054,2.528451468
MT,Freezing,CS2,CS2-18,22,8,5,56515928,19242.397,0.000340477,0.000457054,0.744939267
MT,Freezing,CS24,CS24-14,22,9,5,57802384,10033.276,0.000173579,0.000457054,0.379777795
MT,Freezing,CS24,CS24-16,22,9,5,27428994,23636.225,0.000861724,0.000457054,1.88538825
MT,Freezing,CS24,CS24-18,22,10,5,29628000,28361.539,0.000957255,0.000457054,2.094401873
NS,Freezing,CSC,CSC-8,23,2,5,3679592,16959.861,0.004609169,0.005997564,0.768506885
NS,Freezing,CSC,CSC-10,23,3,5,4774098,25462.882,0.005333548,0.005997564,0.889285821
NS,Freezing,CSC,CSC-12,23,4,5,4071553,32775.894,0.008049974,0.005997564,1.342207293
NS,Freezing,CS2,CS2-8,23,5,5,4086252,23021.983,0.00563401,0.005997564,0.939383058
NS,Freezing,CS2,CS2-10,23,6,5,4114039,24792.276,0.006026262,0.005997564,1.004784979
NS,Freezing,CS2,CS2-12,23,7,5,4135986,19871.983,0.004804654,0.005997564,0.801101025
NS,Freezing,CS24,CS24-8,23,8,5,4167274,5540.033,0.001329414,0.005997564,0.221659034
NS,Freezing,CS24,CS24-10,23,9,5,4216096,23442.175,0.005560162,0.005997564,0.927070054
NS,Freezing,CS24,CS24-12,23,10,5,4038069,26244.882,0.006499364,0.005997564,1.083667451
NS,Freezing,CSC,CSC-14,24,2,5,3708152,24991.225,0.006739536,0.006202719,1.086545452
NS,Freezing,CSC,CSC-16,24,3,5,3686904,22720.69,0.006162539,0.006202719,0.993522183
NS,Freezing,CSC,CSC-18,24,4,5,3685662,21030.69,0.005706082,0.006202719,0.919932365
NS,Freezing,CS2,CS2-14,24,5,5,3686122,12444.69,0.003376093,0.006202719,0.544292386
NS,Freezing,CS2,CS2-16,24,6,5,3412074,15757.104,0.004618043,0.006202719,0.744519097
NS,Freezing,CS2,CS2-18,24,7,5,4044801,14371.933,0.003553187,0.006202719,0.57284339
NS,Freezing,CS24,CS24-14,24,8,5,4068685,18754.569,0.004609492,0.006202719,0.743140451
NS,Freezing,CS24,CS24-16,24,9,5,4101049,26429.347,0.006444533,0.006202719,1.038985188
NS,Freezing,CS24,CS24-18,24,10,5,4222243,28911.418,0.006847407,0.006202719,1.103936391
Mg,Freezing,CSC,CSC-2,25,2,40,3095115,16866.569,0.005449416,0.006688039,0.814800249
Mg,Freezing,CSC,CSC-4,25,3,40,3079366,16452.033,0.005342669,0.006688039,0.798839364
Mg,Freezing,CSC,CSC-6,25,4,40,3043504,28219.468,0.009272032,0.006688039,1.386360387
Mg,Freezing,CS2,CS2-2,25,5,40,3164382,24041.811,0.007597632,0.006688039,1.136002975
Mg,Freezing,CS24,CS24-4,25,9,40,3283059,19345.569,0.005892544,0.006688039,0.88105702
Mg,Freezing,CS24,CS24-6,25,10,40,3399002,5071.033,0.001491918,0.006688039,0.223072591
Mg,Freezing,CSC,CSC-8,26,2,10,55329766,24975.225,0.000451389,0.000334798,1.348239608
Mg,Freezing,CSC,CSC-10,26,3,10,54471925,7519.569,0.000138045,0.000334798,0.412322212
Mg,Freezing,CSC,CSC-12,26,4,10,54309831,22536.518,0.000414962,0.000334798,1.239438181
Mg,Freezing,CS2,CS2-10,26,6,10,60785396,29606.589,0.000487067,0.000334798,1.45480783
Mg,Freezing,CS24,CS24-8,26,8,10,60628272,2854.205,4.70771E-05,0.000334798,0.140613325
Mg,Freezing,CS24,CS24-12,26,10,10,63725895,22159.175,0.000347726,0.000334798,1.038613944
Mg,Freezing,CSC,CSC-14,27,2,10,2996227,19386.276,0.006470229,0.006993581,0.925166922
Mg,Freezing,CSC,CSC-16,27,3,10,3159579,27344.397,0.008654443,0.006993581,1.237483881
Mg,Freezing,CSC,CSC-18,27,4,10,3175356,18595.104,0.005856069,0.006993581,0.837349196
Mg,Freezing,CS2,CS2-14,27,5,10,3184138,12576.447,0.003949718,0.006993581,0.564763345
Mg,Freezing,CS2,CS2-16,27,6,10,2883191,23343.811,0.008096519,0.006993581,1.157707278
Mg,Freezing,CS24,CS24-14,27,8,10,3366425,7090.619,0.002106276,0.006993581,0.301172716
Mg,Freezing,CS24,CS24-16,27,9,10,3409721,5156.255,0.001512222,0.006993581,0.216230007
Mg,Freezing,CS24,CS24-18,27,10,10,3202847,9017.296,0.0028154,0.006993581,0.402569207
M,Freezing,CSC,CSC-2,28,2,10,2954399,3423.397,0.001158746,0.001370903,0.845242934
M,Freezing,CSC,CSC-4,28,3,10,3426658,2777.862,0.000810662,0.001370903,0.591334662
M,Freezing,CSC,CSC-6,28,4,10,3399833,7286.861,0.0021433,0.001370903,1.563422404
M,Freezing,CS2,CS2-2,28,5,10,3133060,209.021,6.67146E-05,0.001370903,0.048664766
M,Freezing,CS2,CS2-4,28,6,10,3140150,2175.962,0.000692948,0.001370903,0.505468788
M,Freezing,CS2,CS2-6,28,7,10,3178728,756.799,0.000238082,0.001370903,0.173668324
M,Freezing,CS24,CS24-2,28,8,10,3180495,10327.276,0.003247066,0.001370903,2.368560583
M,Freezing,CS24,CS24-4,28,9,10,3209269,2346.627,0.000731203,0.001370903,0.533373425
M,Freezing,CS24,CS24-6,28,10,10,3265341,1414.527,0.000433194,0.001370903,0.315992032
M,Freezing,CSC,CSC-8,29,2,10,4605749,8471.619,0.001839358,0.000995716,1.847271632
M,Freezing,CSC,CSC-10,29,3,10,4618926,929.334,0.000201201,0.000995716,0.202067019
M,Freezing,CSC,CSC-12,29,4,10,4820685,4563.205,0.000946589,0.000995716,0.950661349
M,Freezing,CS2,CS2-8,29,5,10,4823000,10288.154,0.002133144,0.000995716,2.142322289
M,Freezing,CS2,CS2-10,29,6,10,4828572,13438.811,0.002783185,0.000995716,2.795160473
M,Freezing,CS2,CS2-12,29,7,10,4837709,17783.74,0.003676067,0.000995716,3.691883356
M,Freezing,CS24,CS24-8,29,8,10,4846678,11910.64,0.002457485,0.000995716,2.468059029
M,Freezing,CS24,CS24-10,29,9,10,4878221,3985.912,0.000817083,0.000995716,0.820598741
M,Freezing,CS24,CS24-12,29,10,10,4922879,8838.811,0.001795456,0.000995716,1.803180898
M,Freezing,CSC,CSC-14,30,2,10,3618883,7844.79,0.002167738,0.00314421,0.689438097
M,Freezing,CSC,CSC-16,30,3,10,3735604,16488.761,0.004413948,0.00314421,1.403833782
M,Freezing,CSC,CSC-18,30,4,10,3784561,10789.569,0.002850943,0.00314421,0.906728121
M,Freezing,CS2,CS2-14,30,5,10,3822117,2853.619,0.000746607,0.00314421,0.237454557
M,Freezing,CS2,CS2-16,30,6,10,3813367,14274.397,0.003743253,0.00314421,1.190522658
M,Freezing,CS2,CS2-18,30,7,10,3830043,7905.983,0.002064202,0.00314421,0.656509061
M,Freezing,CS24,CS24-14,30,8,10,3853261,24169.933,0.006272592,0.00314421,1.994966088
M,Freezing,CS24,CS24-16,30,9,10,3898407,6973.397,0.001788781,0.00314421,0.568912807
M,Freezing,CS24,CS24-18,30,10,10,3987818,3557.548,0.000892104,0.00314421,0.283729137
M,Acclimation,0wk,0wk-2,31,1,20,65779381,12164.953,0.000184936,0.000131345,1.40801876
M,Acclimation,0wk,0wk-4,31,2,20,67572106,8607.64,0.000127385,0.000131345,0.969849684
M,Acclimation,0wk,0wk-6,31,3,20,67396249,9207.569,0.000136618,0.000131345,1.040152565
M,Acclimation,0wk,0wk-8,31,4,20,67701274,5113.447,7.55296E-05,0.000131345,0.575048806
M,Acclimation,0wk,0wk-10,31,5,20,67629102,8944.276,0.000132255,0.000131345,1.006930184
M,Acclimation,6wk,6wk-2,31,6,20,67913070,26461.225,0.000389634,0.000131345,2.966500124
M,Acclimation,6wk,6wk-4,31,7,20,68544966,33302.64,0.000485851,0.000131345,3.699055826
M,Acclimation,6wk,6wk-6,31,8,20,69253602,28569.225,0.000412531,0.000131345,3.140826026
M,Acclimation,6wk,6wk-8,31,9,20,70329759,25128.761,0.000357299,0.000131345,2.720318374
M,Acclimation,6wk,6wk-10,31,10,20,70013651,18336.418,0.000261898,0.000131345,1.993974333
M,Acclimation,0wk,0wk-12,32,2,20,4256558,13500.74,0.003171751,0.002381264,1.331960638
M,Acclimation,0wk,0wk-16,32,4,20,4184631,9367.761,0.002238611,0.002381264,0.940093407
M,Acclimation,0wk,0wk-18,32,5,20,4081151,7074.397,0.001733432,0.002381264,0.727945955
M,Acclimation,6wk,6wk-12,32,6,20,4104113,13127.619,0.00319865,0.002381264,1.343256735
M,Acclimation,6wk,6wk-14,32,7,20,4091099,14125.74,0.003452798,0.002381264,1.449985276
M,Acclimation,6wk,6wk-16,32,8,20,4278916,23854.66,0.005574931,0.002381264,2.34116403
M,Acclimation,6wk,6wk-18,32,9,20,4504820,8887.811,0.001972956,0.002381264,0.828532867
MT,Acclimation,0wk,0wk-2,33,1,5,3900135,5929.033,0.001520212,0.002916422,0.521259294
MT,Acclimation,0wk,0wk-4,33,2,5,3642019,8498.69,0.002333511,0.002916422,0.800127809
MT,Acclimation,0wk,0wk-6,33,3,5,3592943,12033.912,0.003349319,0.002916422,1.148434123
MT,Acclimation,0wk,0wk-8,33,4,5,3603049,10112.983,0.002806785,0.002916422,0.962406822
MT,Acclimation,0wk,0wk-10,33,5,5,3615411,16530.69,0.004572285,0.002916422,1.567771952
MT,Acclimation,6wk,6wk-2,33,6,5,3640568,3170.698,0.000870935,0.002916422,0.298631293
MT,Acclimation,6wk,6wk-4,33,7,5,3652938,10592.69,0.002899773,0.002916422,0.994291085
MT,Acclimation,6wk,6wk-6,33,8,5,3659967,6134.154,0.001676013,0.002916422,0.574681331
MT,Acclimation,6wk,6wk-8,33,9,5,3690061,22640.811,0.00613562,0.002916422,2.10381728
MT,Acclimation,6wk,6wk-10,33,10,5,4891255,20101.711,0.004109725,0.002916422,1.40916648
MT,Acclimation,0wk,0wk-12,34,2,5,3038191,18578.397,0.006114954,0.004976552,1.22875301
MT,Acclimation,0wk,0wk-14,34,3,5,3040516,19311.983,0.006351548,0.004976552,1.276294818
MT,Acclimation,0wk,0wk-16,34,4,5,3041660,13439.983,0.004418634,0.004976552,0.887890648
MT,Acclimation,0wk,0wk-18,34,5,5,3038853,9180.598,0.003021073,0.004976552,0.607061523
MT,Acclimation,6wk,6wk-12,34,6,5,3039633,13780.69,0.004533669,0.004976552,0.911006008
MT,Acclimation,6wk,6wk-14,34,7,5,3056462,5701.326,0.001865335,0.004976552,0.374824787
MT,Acclimation,6wk,6wk-16,34,8,5,3063996,11950.69,0.003900361,0.004976552,0.783747585
MT,Acclimation,6wk,6wk-18,34,9,5,3075241,23696.518,0.007705581,0.004976552,1.548377342
Mg,Acclimation,0wk,0wk-2,34,1,20,3496412,13370.761,0.003824138,0.004184682,0.913841816
Mg,Acclimation,0wk,0wk-4,35,2,20,3428177,4693.74,0.001369165,0.004184682,0.327184932
Mg,Acclimation,0wk,0wk-6,35,3,20,3394129,5477.033,0.001613679,0.004184682,0.38561553
Mg,Acclimation,0wk,0wk-8,35,4,20,3715263,25158.125,0.00677156,0.004184682,1.618177697
Mg,Acclimation,0wk,0wk-12,35,5,20,3755281,27582.054,0.007344871,0.004184682,1.755180024
Mg,Acclimation,6wk,6wk-2,35,6,20,3813080,194.799,5.1087E-05,0.004184682,0.012208106
Mg,Acclimation,6wk,6wk-4,35,7,20,3834455,4521.205,0.0011791,0.004184682,0.281765656
Mg,Acclimation,6wk,6wk-6,35,8,20,4145950,28459.347,0.006864373,0.004184682,1.640356991
Mg,Acclimation,6wk,6wk-8,35,9,20,4192191,20661.397,0.004928544,0.004184682,1.177758167
Mg,Acclimation,6wk,6wk-10,35,10,20,4295281,1057.912,0.000246296,0.004184682,0.05885664
Mg,Acclimation,0wk,0wk-14,36,2,20,5205643,525.82,0.00010101,0.001407394,0.071770669
Mg,Acclimation,0wk,0wk-16,36,3,20,5059874,18751.468,0.003705916,0.001407394,2.633175742
Mg,Acclimation,0wk,0wk-18,36,4,20,5020437,2084.77,0.000415257,0.001407394,0.295053589
Mg,Acclimation,6wk,6wk-12,36,5,20,5025843,4382.447,0.000871982,0.001407394,0.619572352
Mg,Acclimation,6wk,6wk-14,36,6,20,5037303,10654.569,0.002115134,0.001407394,1.502872321
Mg,Acclimation,6wk,6wk-16,36,7,20,5089231,20721.468,0.00407163,0.001407394,2.893027955
Mg,Acclimation,6wk,6wk-18,36,8,20,5172710,17928.69,0.003466015,0.001407394,2.462718096
FB,Acclimation,0wk,0wk-2,37,1,10,5036359,16202.347,0.003217075,0.004902609,0.656196564
FB,Acclimation,0wk,0wk-4,37,2,10,4911336,38454.794,0.007829803,0.004902609,1.597068506
FB,Acclimation,0wk,0wk-6,37,3,10,4484022,18874.276,0.004209229,0.004902609,0.858569131
FB,Acclimation,0wk,0wk-8,37,4,10,4469173,17033.225,0.00381127,0.004902609,0.777396211
FB,Acclimation,0wk,0wk-10,37,5,10,4466862,24325.054,0.005445669,0.004902609,1.110769588
FB,Acclimation,6wk,6wk-2,37,6,10,4528816,19964.326,0.004408288,0.004902609,0.899171803
FB,Acclimation,6wk,6wk-4,37,7,10,4524327,14022.79,0.00309942,0.004902609,0.632198042
FB,Acclimation,6wk,6wk-6,37,8,10,4560132,9259.598,0.002030555,0.004902609,0.414178376
FB,Acclimation,6wk,6wk-8,37,9,10,4617685,35249.125,0.007633506,0.004902609,1.557029138
FB,Acclimation,6wk,6wk-10,37,10,10,4778152,19947.175,0.004174663,0.004902609,0.851518601
FB,Acclimation,0wk,0wk-12,38,2,10,3146601,5511.083,0.00175144,0.002233845,0.784047109
FB,Acclimation,0wk,0wk-14,38,3,10,3286171,8249.64,0.002510411,0.002233845,1.123806969
FB,Acclimation,0wk,0wk-16,38,4,10,3269956,4461.276,0.001364323,0.002233845,0.61075083
FB,Acclimation,0wk,0wk-18,38,5,10,3254056,10768.347,0.003309208,0.002233845,1.481395093
FB,Acclimation,6wk,6wk-12,38,6,10,3245585,13745.912,0.004235265,0.002233845,1.895952507
FB,Acclimation,6wk,6wk-14,38,7,10,3239791,16884.154,0.005211495,0.002233845,2.332970206
FB,Acclimation,6wk,6wk-16,38,8,10,3239941,12413.619,0.003831434,0.002233845,1.715174031
FB,Acclimation,6wk,6wk-18,38,9,10,3261693,5075.276,0.001556025,0.002233845,0.696567914
NS,Acclimation,0wk,0wk-2,39,1,10,6037539,7162.205,0.001186279,0.002970985,0.399288125
NS,Acclimation,0wk,0wk-4,39,2,10,4551634,4669.861,0.001025975,0.002970985,0.345331518
NS,Acclimation,0wk,0wk-6,39,3,10,4543456,6599.569,0.001452544,0.002970985,0.488909914
NS,Acclimation,0wk,0wk-8,39,4,10,4542192,24270.296,0.0053433,0.002970985,1.798494779
NS,Acclimation,0wk,0wk-10,39,5,10,4599791,26894.175,0.005846825,0.002970985,1.967975664
NS,Acclimation,6wk,6wk-2,39,6,10,4669604,5737.276,0.001228643,0.002970985,0.413547392
NS,Acclimation,6wk,6wk-4,39,7,10,4685054,20769.569,0.004433155,0.002970985,1.492149988
NS,Acclimation,6wk,6wk-6,39,8,10,4649270,11325.447,0.002435962,0.002970985,0.819917546
NS,Acclimation,6wk,6wk-8,39,9,10,4601537,17850.569,0.003879262,0.002970985,1.305716049
NS,Acclimation,6wk,6wk-12,39,10,10,4243096,2303.598,0.000542905,0.002970985,0.182735713
NS,Acclimation,0wk,0wk-12,40,2,10,2566611,19266.276,0.007506504,0.005058489,1.483941833
NS,Acclimation,0wk,0wk-14,40,3,10,3187997,24701.004,0.007748126,0.005058489,1.531707552
NS,Acclimation,0wk,0wk-16,40,4,10,3180115,15729.104,0.00494608,0.005058489,0.97777811
NS,Acclimation,0wk,0wk-18,40,5,10,4048702,134.607,3.3247E-05,0.005058489,0.006572506
NS,Acclimation,6wk,6wk-14,40,6,10,3320412,1423.698,0.000428771,0.005058489,0.084762753
NS,Acclimation,6wk,6wk-16,40,7,10,3320524,13455.619,0.004052258,0.005058489,0.801080591
NS,Acclimation,6wk,6wk-18,40,8,10,3709764,23429.397,0.006315603,0.005058489,1.248515621
